weekday,send time,start,end
3,12:00:00,3.5,3.5625
5,13:15:00,5.55208333333333,5.61458333333333
2,18:30:00,2.77083333333333,2.83333333333333
3,10:00:00,3.41666666666667,3.47916666666667
5,18:45:00,5.78125,5.84375
3,17:30:00,3.72916666666667,3.79166666666667
5,10:30:00,5.4375,5.5
3,21:30:00,3.89583333333333,3.95833333333333
4,18:15:00,4.76041666666667,4.82291666666667
4,14:00:00,4.58333333333333,4.64583333333333
