start,end
3.5,3.5625
5.55208333333333,5.61458333333333
2.77083333333333,2.83333333333333
3.41666666666667,3.47916666666667
5.78125,5.84375
3.72916666666667,3.79166666666667
5.4375,5.5
3.89583333333333,3.95833333333333
4.76041666666667,4.82291666666667
4.58333333333333,4.64583333333333
